运动的描述,描述运动的几个物理量,质点,,
运动的描述,描述运动的几个物理量,机械运动的概念,,
运动的描述,描述运动的几个物理量,参考系,,
运动的描述,描述运动的几个物理量,坐标系,,
运动的描述,描述运动的几个物理量,标量与矢量,,
运动的描述,描述运动的几个物理量,路程与位移,,
运动的描述,描述运动的几个物理量,时间与时刻,,
运动的描述,速度,速率与速度,,
运动的描述,速度,平均速度与瞬时速度,,
运动的描述,实验：测量物体的速度,,,
运动的描述,匀速直线运动,,,
运动的描述,用x-t图像描述匀速运动,,,
运动的描述,加速度,加速度的定义,,
运动的描述,加速度,加速度的分析与计算,,
运动的描述,加速度,速度、速度变化与加速度的关系,,
直线运动,匀变速直线运动,实验：测定匀变速直线运动的加速度,,
直线运动,匀变速直线运动,实验：用现代技术测量加速度,,
直线运动,匀变速直线运动,匀变速直线运动的定义与特征,,
直线运动,匀变速直线运动,匀变速直线运动的速度与时间的关系,,
直线运动,匀变速直线运动,匀变速运动的v-t图象,v-t图象斜率的物理意义、利用v-t图象求加速度,
直线运动,匀变速直线运动,匀变速运动的v-t图象,v-t图象的面积,
直线运动,匀变速直线运动,匀变速运动的v-t图象,用v-t图像解决匀变速运动的问题,
直线运动,匀变速直线运动,匀变速直线运动的位移与时间的关系,,
直线运动,匀变速直线运动,匀变速运动中的平均速度,匀变速直线运动平均速度的计算,
直线运动,匀变速直线运动,匀变速运动中的平均速度,利用中间时刻速度解决问题,
直线运动,匀变速直线运动,匀变速运动中的平均速度,利用平均速度解决匀变速运动的问题,
直线运动,匀变速直线运动,匀变速直线运动的速度与位移的关系,位移速度公式的推导与简单应用,
直线运动,匀变速直线运动,匀变速直线运动的速度与位移的关系,中间位移处瞬时速度的计算,
直线运动,匀变速直线运动,匀变速运动中x-t图象与v-t图象,,
直线运动,匀变速直线运动,匀变速运动的a-t图象,,
直线运动,匀变速直线运动规律的应用,初速度为零的匀加速直线运动的规律,连续相等时间内的运动规律,
直线运动,匀变速直线运动规律的应用,初速度为零的匀加速直线运动的规律,等分运动的规律,
直线运动,匀变速直线运动规律的应用,初速度为零的匀加速直线运动的规律,连续相等位移的运动规律,
直线运动,匀变速直线运动规律的应用,自由落体运动,自由落体运动的特征,
直线运动,匀变速直线运动规律的应用,自由落体运动,重力加速度及其测定,
直线运动,匀变速直线运动规律的应用,自由落体运动,自由落体运动的三个基本公式,
直线运动,匀变速直线运动规律的应用,自由落体运动,自由落体运动的图象,
直线运动,匀变速直线运动规律的应用,自由落体运动,自由落体运动平均速度,
直线运动,匀变速直线运动规律的应用,自由落体运动,自由落体运动的重要推论Δh=gT_,
直线运动,匀变速直线运动规律的应用,自由落体运动,用自由落体运动公式求解频闪照片问题,
直线运动,匀变速直线运动规律的应用,伽利略对自由落体运动的探究,,
直线运动,匀变速直线运动规律的应用,竖直上抛运动,竖直上抛运动的三个基本公式,
直线运动,匀变速直线运动规律的应用,竖直上抛运动,竖直上抛运动的v-t图象,
直线运动,匀变速直线运动规律的应用,竖直上抛运动,竖直上抛运动的高度、速度与时间的计算,
直线运动,匀变速直线运动规律的应用,竖直上抛运动,自由落体和竖直上抛相遇类问题,
直线运动,匀变速直线运动规律的应用,追及与相遇问题,变速物体追匀速物体,
直线运动,匀变速直线运动规律的应用,追及与相遇问题,变速物体追变速物体,
直线运动,匀变速直线运动规律的应用,追及与相遇问题,避免相撞类问题,
直线运动,匀变速直线运动规律的应用,追及与相遇问题,追击猎物问题,
直线运动,匀变速直线运动规律的应用,追及与相遇问题,接力赛问题,
直线运动,匀变速直线运动规律的应用,追及与相遇问题,相遇次数问题,
直线运动,匀变速直线运动规律的应用,刹车问题,,
直线运动,匀变速直线运动规律的应用,非匀变速直线运动,利用v-t图像解决非匀变速运动,
直线运动,匀变速直线运动规律的应用,非匀变速直线运动,利用a-t图像解决非匀变速运动,
直线运动,匀变速直线运动规律的应用,非匀变速直线运动,解决非匀变速直线运动的特殊方法,
相互作用,力,力的概念,,
相互作用,力,自然界的四种基本相互作用,,
相互作用,重力,重力的概念、大小和方向,,
相互作用,重力,重力的作用点：重心,,
相互作用,弹力,弹力,弹性形变和塑性形变,
相互作用,弹力,弹力,判断是否存在弹力,
相互作用,弹力,弹力,判断弹力的方向,
相互作用,弹力,弹力,通过力的平衡求解弹力,
相互作用,弹力,胡克定律,,
相互作用,弹力,实验：探究弹力和弹簧伸长量的关系,,
相互作用,摩擦力,静摩擦力,,
相互作用,摩擦力,滑动摩擦力,,
相互作用,力的合成与分解,力的合成,,
相互作用,力的合成与分解,力的分解,,
相互作用,力的合成与分解,实验：验证力的平行四边形定则,,
相互作用,共点力平衡,受力分析,分析物体受到几个力作用,
相互作用,共点力平衡,受力分析,二力平衡,
相互作用,共点力平衡,受力分析,直接合成法解决三力平衡问题,
相互作用,共点力平衡,受力分析,整体法与隔离法结合处理物体平衡问题,
相互作用,共点力平衡,受力分析,正交分解法解共点力平衡,
相互作用,共点力平衡,受力分析,用三角形法则解决平衡问题,
相互作用,共点力平衡,受力分析,用相似三角形解决平衡问题,
相互作用,共点力平衡,受力分析,平衡问题的动态分析,
相互作用,共点力平衡,受力分析,自锁问题,
相互作用,共点力平衡,受力分析,刚体平衡条件及其应用,
相互作用,共点力平衡,平衡问题中的几种常见的临界与极值,绳子无节点受力分析,
相互作用,共点力平衡,平衡问题中的几种常见的临界与极值,绳子有节点受力分析,
相互作用,共点力平衡,平衡问题中的几种常见的临界与极值,计算绳子承受最大拉力的问题,
相互作用,共点力平衡,平衡问题中的几种常见的临界与极值,物体间发生相对滑动问题,
相互作用,共点力平衡,平衡问题中的几种常见的临界与极值,斜面上物体受力平衡的问题,
相互作用,共点力平衡,平衡问题中的几种常见的临界与极值,含有活动杆的共点力平衡问题,
牛顿运动定律,牛顿第一定律,伽利略的理想斜面实验,,
牛顿运动定律,牛顿第一定律,牛顿第一定律,,
牛顿运动定律,牛顿第一定律,惯性与质量,,
牛顿运动定律,牛顿第二定律,实验：探究加速度与力、质量的关系,,
牛顿运动定律,牛顿第二定律,牛顿第二定律,牛顿第二定律的内容和表达式,
牛顿运动定律,牛顿第二定律,牛顿第二定律,牛顿第二定律的简单应用,
牛顿运动定律,牛顿第二定律,牛顿第二定律,牛顿第二定律的瞬时性,
牛顿运动定律,牛顿第二定律,牛顿第二定律,牛顿第二定律的同向性,
牛顿运动定律,牛顿第二定律,牛顿第二定律,利用牛顿第二定律分析动态过程,
牛顿运动定律,牛顿第三定律,牛顿第三定律的理解与应用,,
牛顿运动定律,牛顿第三定律,综合利用牛顿三定律解决问题,,
牛顿运动定律,牛顿运动定律的应用,牛顿定律与直线运动,,
牛顿运动定律,牛顿运动定律的应用,超重与失重,,
牛顿运动定律,牛顿运动定律的应用,斜面模型,,
牛顿运动定律,牛顿运动定律的应用,连接体模型,,
牛顿运动定律,牛顿运动定律的应用,传送带模型,,
牛顿运动定律,牛顿运动定律的应用,板块模型,,
牛顿运动定律,物理实验基础,常用仪器的使用与读数,,
牛顿运动定律,物理实验基础,误差和有效数字,,
牛顿运动定律,力学单位制,基本单位,,
牛顿运动定律,力学单位制,导出单位,,
曲线运动,曲线运动,曲线运动的概念,曲线运动概念和性质,
曲线运动,曲线运动,曲线运动的概念,曲线运动的轨迹和位移,
曲线运动,曲线运动,曲线运动的概念,曲线运动瞬时速度的方向,
曲线运动,曲线运动,曲线运动的条件,物体做曲线运动的条件,
曲线运动,曲线运动,曲线运动的条件,通过受力判断曲线运动的速度变化,
曲线运动,曲线运动,曲线运动的条件,通过物体运动轨迹判断物体受力方向,
曲线运动,运动的合成与分解,研究合运动与分运动,,
曲线运动,运动的合成与分解,运动的合成,,
曲线运动,运动的合成与分解,小船渡河问题,过河时间最短问题,
曲线运动,运动的合成与分解,小船渡河问题,船速大于水速时最短过河位移问题,
曲线运动,运动的合成与分解,小船渡河问题,船速小于水速时最短过河位移问题,
曲线运动,运动的合成与分解,小船渡河问题,小船过河模型在其他运动中的应用,
曲线运动,运动的合成与分解,运动的分解,求分速度大小和方向,
曲线运动,运动的合成与分解,运动的分解,杆连接物体运动的分析,
曲线运动,运动的合成与分解,斜牵引运动,斜牵引运动中的受力分析,
曲线运动,运动的合成与分解,斜牵引运动,斜牵引运动的运动分解,
曲线运动,抛体运动,平抛运动的研究方法,,
曲线运动,抛体运动,平抛运动的计算,平抛运动的水平位移与初始条件的关系,
曲线运动,抛体运动,平抛运动的计算,平抛运动末速度的大小和方向,
曲线运动,抛体运动,平抛运动的计算,平抛运动的位移,
曲线运动,抛体运动,平抛运动的计算,平抛运动的变式,
曲线运动,抛体运动,实验：研究平抛物体的运动,,
曲线运动,抛体运动,用频闪相机研究平抛运动,,
曲线运动,抛体运动,平抛运动的推论,速度偏转角与位移偏转角,
曲线运动,抛体运动,平抛运动的推论,速度反向延长线的特点,
曲线运动,抛体运动,平抛运动的推论,斜面上的平抛运动,
曲线运动,抛体运动,平抛运动的推论,类平抛运动,
曲线运动,抛体运动,斜抛运动,,
曲线运动,圆周运动的描述,圆周运动的定义和描述,,
曲线运动,圆周运动的描述,线速度,,
曲线运动,圆周运动的描述,角速度与转速,,
曲线运动,圆周运动的描述,线速度与角速度的关系,,
曲线运动,圆周运动的描述,向心加速度,,
曲线运动,圆周运动的描述,向心力,,
曲线运动,生活中的圆周运动,竖直方向的圆周运动,绳球模型及其临界条件,
曲线运动,生活中的圆周运动,竖直方向的圆周运动,杆球模型及其临界条件,
曲线运动,生活中的圆周运动,竖直方向的圆周运动,物体在环形管道内的运动,
曲线运动,生活中的圆周运动,竖直方向的圆周运动,拱桥和凹桥模型,
曲线运动,生活中的圆周运动,竖直方向的圆周运动,航天器中的失重现象,
曲线运动,生活中的圆周运动,水平方向的圆周运动,水平转盘上的物体,
曲线运动,生活中的圆周运动,水平方向的圆周运动,圆锥摆问题,
曲线运动,生活中的圆周运动,水平方向的圆周运动,汽车和自行车在水平面的转弯问题,
曲线运动,生活中的圆周运动,水平方向的圆周运动,火车和飞机倾斜转弯模型,
曲线运动,生活中的圆周运动,离心运动,,
万有引力与航天,开普勒行星运动定律,地心说与日心说,,
万有引力与航天,开普勒行星运动定律,开普勒第一定律,,
万有引力与航天,开普勒行星运动定律,开普勒第二定律,,
万有引力与航天,开普勒行星运动定律,开普勒第三定律,,
万有引力与航天,万有引力定律,万有引力定律的发现,万有引力定律的内容、推导及适用范围,
万有引力与航天,万有引力定律,万有引力定律的发现,万有引力常量的测定,
万有引力与航天,万有引力定律,万有引力定律的发现,万有引力的计算,
万有引力与航天,万有引力定律,万有引力理论的成就,预言彗星的回归发现未知天体,
万有引力与航天,万有引力定律,万有引力理论的成就,根据已知量计算出天体的质量,
万有引力与航天,万有引力定律,万有引力理论的成就,计算中心天体的质量和密度,
万有引力与航天,万有引力定律,万有引力理论的成就,已知近地表运行周期求密度,
万有引力与航天,万有引力定律,万有引力理论的成就,已知地月/卫系统常识可以求出的物理量,
万有引力与航天,万有引力定律的应用,第一宇宙速度,,
万有引力与航天,万有引力定律的应用,引力势能及其应用,,
万有引力与航天,万有引力定律的应用,第二宇宙速度,,
万有引力与航天,万有引力定律的应用,第三宇宙速度,,
万有引力与航天,万有引力定律的应用,用万有引力定律解释重力加速度,不同纬度的重力加速度,
万有引力与航天,万有引力定律的应用,用万有引力定律解释重力加速度,其他星球表面的重力加速度,
万有引力与航天,万有引力定律的应用,同步卫星与近地卫星,同步卫星的运行中哪些量相同,
万有引力与航天,万有引力定律的应用,同步卫星与近地卫星,地球同步卫星与其他卫星的对比,
万有引力与航天,万有引力定律的应用,同步卫星与近地卫星,近地卫星与黄金代换,
万有引力与航天,万有引力定律的应用,同步卫星与近地卫星,近地卫星与赤道上物体的比较,
万有引力与航天,万有引力定律的应用,一般人造卫星,人造卫星的轨道特点,
万有引力与航天,万有引力定律的应用,一般人造卫星,不同轨道上的卫星角速度和周期的变化,
万有引力与航天,万有引力定律的应用,一般人造卫星,卫星的发射与变轨问题,
万有引力与航天,万有引力定律的应用,一般人造卫星,行星引力对于飞行器的加速效应,
万有引力与航天,万有引力定律的应用,一般人造卫星,不同轨道交点处的加速度、速度、向心力比较,
万有引力与航天,万有引力定律的应用,双星（多星）问题,,
万有引力与航天,经典力学的局限性,,,
功和能,功,功的概念和计算,功的定义、计算式和物理意义,
功和能,功,功的概念和计算,判断某个力是否做功，做何种功,
功和能,功,几种常见力做功的特点,重力做功计算,
功和能,功,几种常见力做功的特点,弹力（非弹簧）做功的计算,
功和能,功,几种常见力做功的特点,弹簧弹力做功的计算,
功和能,功,几种常见力做功的特点,摩擦力做功的计算,
功和能,功,几种常见力做功的特点,力的方向与位移方向有夹角时的做功,
功和能,功,几种常见力做功的特点,多个力做的总功,
功和能,功,变力做功的常见解法,,
功和能,功率,功率及其计算,功率的定义和物理意义,
功和能,功率,功率及其计算,功率推导式：力×速度,
功和能,功率,功率及其计算,平均功率与瞬时功率的计算,
功和能,功率,机车启动,机械的额定功率和实际功率,
功和能,功率,机车启动,机车的额定功率、阻力与最大速度,
功和能,功率,机车启动,机车以额定功率启动的过程及v-t图像,
功和能,功率,机车启动,机车以恒定加速度启动的过程及v-t图像,
功和能,功率,机车启动,求解机车启动时变力做功问题,
功和能,功率,机车启动,类比法解决起重机牵引物体的问题,
功和能,动能与动能定理,动能,,
功和能,动能与动能定理,动能定理,,
功和能,动能与动能定理,动能定理的综合应用,应用动能定理求变力的功,
功和能,动能与动能定理,动能定理的综合应用,应用动能定理解多段过程问题,
功和能,动能与动能定理,动能定理的综合应用,利用动能定理求机车启动位移的问题,
功和能,动能与动能定理,动能定理的综合应用,用动能定理解决物体在传送带运动问题,
功和能,动能与动能定理,实验：探究功与物体速度变化的关系,,
功和能,动能与动能定理,实验：探究动能定理,,
功和能,动能与动能定理,用现代方法验证动能定理,,
功和能,重力势能和弹性势能,重力势能,重力势能的定义和公式,
功和能,重力势能和弹性势能,重力势能,零势能面对重力势能定义的影响,
功和能,重力势能和弹性势能,重力势能,重力做功与重力势能的关系,
功和能,重力势能和弹性势能,弹性势能,弹性势能的定义和影响因素,
功和能,重力势能和弹性势能,弹性势能,弹性势能的表达式,
功和能,重力势能和弹性势能,弹性势能,弹簧弹力做功与弹性势能的变化,
功和能,机械能守恒定律,功能关系,功是能量转化的过程和量度,
功和能,机械能守恒定律,功能关系,常见力做功与相应的能量转化,
功和能,机械能守恒定律,机械能,机械能的组成,
功和能,机械能守恒定律,机械能,计算物体的机械能,
功和能,机械能守恒定律,机械能,动能和势能的相互转化,
功和能,机械能守恒定律,机械能守恒定律及其条件,机械能守恒定律的表述及条件,
功和能,机械能守恒定律,机械能守恒定律及其条件,判断系统机械能是否守恒,
功和能,机械能守恒定律,机械能守恒定律及其条件,利用机械能守恒定律解决简单问题,
功和能,机械能守恒定律,机械能守恒定律的应用,机械能与曲线运动结合问题,
功和能,机械能守恒定律,机械能守恒定律的应用,铁链下滑问题,
功和能,机械能守恒定律,机械能守恒定律的应用,用杆连接的系统机械能守恒问题,
功和能,机械能守恒定律,机械能守恒定律的应用,用细绳连接的系统机械能守恒问题,
功和能,机械能守恒定律,机械能守恒定律的应用,弹簧类问题机械能转化的问题,
功和能,机械能守恒定律,实验：验证机械能守恒定律,,
功和能,能量守恒定律,能量的分类和相互转化,,
功和能,能量守恒定律,能量守恒定律的内容表述,,
功和能,能量守恒定律,利用能量守恒解决实际问题,,
功和能,能量守恒定律,能源的分类和利用、能量耗散,,
动量,动量定理,冲量,,
动量,动量定理,动量,,
动量,动量定理,动量定理的表述及应用,动量定理的内容和表达式,
动量,动量定理,动量定理的表述及应用,用动量定理解释缓冲现象,
动量,动量定理,动量定理的表述及应用,利用动量定理求蹦极类的问题,
动量,动量定理,动量定理的表述及应用,动量定理与v-t图象结合的问题,
动量,动量定理,动量定理的表述及应用,用动量定理解决流体问题,
动量,动量守恒定律,动量守恒定律的内容,碰撞中的不变量,
动量,动量守恒定律,动量守恒定律的内容,动量守恒定律的内容、应用范围和推导,
动量,动量守恒定律,动量守恒定律的内容,判断系统动量是否守恒,
动量,动量守恒定律,动量守恒定律的内容,动量守恒定律成立的条件1：系统受到的合外力为零,
动量,动量守恒定律,动量守恒定律的内容,动量守恒定律成立的条件2：系统内力远大于外力或作用时间极短,
动量,动量守恒定律,动量守恒定律的内容,动量守恒定律成立的条件3：系统在某一方向不受外力,
动量,动量守恒定律,实验：验证动量守恒定律,,
动量,动量守恒定律,利用现代方法验证动量守恒定律,,
动量,动量守恒定律的应用,碰撞,,
动量,动量守恒定律的应用,完全弹性碰撞,,
动量,动量守恒定律的应用,完全非弹性碰撞,,
动量,动量守恒定律的应用,非完全弹性碰撞问题,,
动量,动量守恒定律的应用,爆炸问题,,
动量,动量守恒定律的应用,反冲问题,,
动量,动量守恒定律的应用,动量守恒定律解决多过程问题,,
机械振动与机械波,机械振动,简谐运动,简谐运动的定义和描述,
机械振动与机械波,机械振动,简谐运动,简谐运动的弹簧振子模型,
机械振动与机械波,机械振动,单摆,简谐运动的单摆模型,
机械振动与机械波,机械振动,单摆,单摆的周期公式,
机械振动与机械波,机械振动,单摆,实验：用单摆测定重力加速度,
机械振动与机械波,机械振动,外力作用下的振动,阻尼振动,
机械振动与机械波,机械振动,外力作用下的振动,受迫振动与共振,
机械振动与机械波,机械振动,外力作用下的振动,机械振动与力学的综合问题,
机械振动与机械波,机械波,机械波,波的形成和传播,产生机械波的条件、生活中的波动现象
机械振动与机械波,机械波,机械波,波的形成和传播,通过绳波理解波产生的过程
机械振动与机械波,机械波,机械波,波的形成和传播,横波和纵波
机械振动与机械波,机械波,机械波,波的形成和传播,机械波中质点振动的特点
机械振动与机械波,机械波,机械波,波的形成和传播,机械振动和机械波的关系
机械振动与机械波,机械波,机械波,机械波的描述,描述机械波的物理量及决定因素
机械振动与机械波,机械波,机械波,机械波的描述,波长、频率和波速的关系
机械振动与机械波,机械波,机械波,机械波的描述,机械波相关物理量的计算
机械振动与机械波,机械波,机械波,波的图象,波形图的物理意义及信息读取
机械振动与机械波,机械波,机械波,波的图象,根据条件描绘某横波的波形曲线
机械振动与机械波,机械波,机械波,波的图象,根据波的图象判断质点在某时刻的位移、速度和加速度方向
机械振动与机械波,机械波,机械波,波的图象,判断波源初始振动的方向
机械振动与机械波,机械波,机械波,波的图象,波形图中某质点的速度方向与传播方向的关系
机械振动与机械波,机械波,机械波,波的图象,振动图像与波形图的结合
机械振动与机械波,机械波,机械波,波的多解问题,求周期的多解问题
机械振动与机械波,机械波,机械波,波的多解问题,求波长的多解问题
机械振动与机械波,机械波,机械波,波的多解问题,求波速的多解问题
机械振动与机械波,机械波,机械波,波的多解问题,传播方向的多解问题
机械振动与机械波,机械波,波的干涉和衍射,波的衍射,
机械振动与机械波,机械波,波的干涉和衍射,波的干涉,
机械振动与机械波,机械波,多普勒效应,多普勒效应,
机械振动与机械波,机械波,多普勒效应,超声波和次声波,
机械振动与机械波,机械波,惠更斯原理,波面与波线,
机械振动与机械波,机械波,惠更斯原理,惠更斯原理,
静电场,电荷间的相互作用,电荷、元电荷,,
静电场,电荷间的相互作用,物体带电的方式,,
静电场,电荷间的相互作用,库仑定律,点电荷模型及库仑定律的适用范围,
静电场,电荷间的相互作用,库仑定律,库仑定律表达式和简单计算,
静电场,电荷间的相互作用,库仑定律,库伦的实验――静电力常量,
静电场,电荷间的相互作用,库仑定律,计算不能当做点电荷的带电球之间的作用力,
静电场,电荷间的相互作用,库仑定律,库仑定律与万有引力定律的类比,
静电场,电荷间的相互作用,库仑定律,带电小球的平衡问题,
静电场,电荷间的相互作用,库仑定律,静电力作用下的加速度问题,
静电场,电荷间的相互作用,库仑定律,多个点电荷间库仑力合成,
静电场,电荷间的相互作用,库仑力与力学综合类问题,,
静电场,电场力的性质,电场的概念,,
静电场,电场力的性质,电场强度,电场强度的定义式和单位,
静电场,电场力的性质,电场强度,点电荷与均匀球体（球壳）周围的场强,
静电场,电场力的性质,电场强度,割补法求电场强度,
静电场,电场力的性质,电场强度,匀强电场,
静电场,电场力的性质,电场强度,电场强度的叠加法则,
静电场,电场力的性质,电场线,电场线定义及其性质,
静电场,电场力的性质,电场线,匀强电场的电场线分布,
静电场,电场力的性质,电场线,正负电荷的电场线分布,
静电场,电场力的性质,电场线,根据电场线的疏密比较电场强弱,
静电场,电场力的性质,电场线,异种等量点电荷电场线分布,
静电场,电场力的性质,电场线,同种等量点电荷电场线分布,
静电场,电场力的性质,电场线,等量异种电荷连线中垂线和连线上的电场强度分布图像,
静电场,电场力的性质,电场线,等量同种电荷连线中垂线和连线上的电场强度分布图像,
静电场,电场力的性质,电场线,不等量点电荷或多个点电荷周围的电场分布规律,
静电场,电场能的性质,电势能,静电力做功的特点,
静电场,电场能的性质,电势能,电势能的概念及其相对性,
静电场,电场能的性质,电势能,带电粒子在电场中的电势能,
静电场,电场能的性质,电势能,利用功能关系计算电场力做的功及电势能的变化,
静电场,电场能的性质,电势,电势的概念、定义式、单位和物理意义,
静电场,电场能的性质,电势,零电势的选取与电势高低的判断,
静电场,电场能的性质,电势,电势变化与电场线分布的关系,
静电场,电场能的性质,电势,带电体周围的电势分布,
静电场,电场能的性质,电势,ψ-x图像的物理意义,
静电场,电场能的性质,电势,等量同种电荷周围电势的分布,
静电场,电场能的性质,电势,等量异种电荷周围电势的分布,
静电场,电场能的性质,电势,等量同种电荷连线中垂线和连线上的电势分布图像,
静电场,电场能的性质,电势,等量异种电荷连线中垂线和连线上的电势分布图像,
静电场,电场能的性质,电势,不等量点电荷周围的电势分布,
静电场,电场能的性质,电势,匀强电场中电势的计算,
静电场,电场能的性质,电势,点电荷周围电势的表达式与多个电荷的叠加,
静电场,电场能的性质,电势差,,
静电场,电场能的性质,等势面,,
静电场,电场能的性质,电势差与电场强度的关系,匀强电场中电势差与电场强度的关系,
静电场,电场能的性质,电势差与电场强度的关系,计算匀强电场中两点的电势差,
静电场,电场能的性质,电势差与电场强度的关系,电场强度与电势的关系,
静电场,电场能的性质,电势差与电场强度的关系,判断非匀强电场中等距的两点电势差大小,
静电场,静电现象,静电现象与静电平衡,,
静电场,静电现象,静电屏蔽,,
静电场,电容器,认识电容器,,
静电场,电容器,描述电容器的物理量,,
静电场,电容器,平行板电容器的电容,,
静电场,电容器,电容器的动态分析,,
静电场,电容器,电容器的充放电与储能,,
静电场,带电粒子在电场中的运动,带电粒子（微粒）在匀强电场中的直线运动,带电粒子在匀强电场中的直线运动,
静电场,带电粒子在电场中的运动,带电粒子（微粒）在匀强电场中的直线运动,带电粒子在周期性变化电场中的直线运动,
静电场,带电粒子在电场中的运动,带电粒子在非匀强电场中的运动,带电粒子在点电荷电场中的运动,
静电场,带电粒子在电场中的运动,带电粒子在非匀强电场中的运动,根据带电粒子的运动轨迹判断其运动、受力和能量转化情况,
静电场,带电粒子在电场中的运动,带电粒子在非匀强电场中的运动,根据带电粒子的运动轨迹判断电场方向或等势面的电势高低,
静电场,带电粒子在电场中的运动,带电微粒（计重力）在电场中的运动,带电物体（计重力）在匀强电场中的直线运动,
静电场,带电粒子在电场中的运动,带电微粒（计重力）在电场中的运动,带电物体（计重力）在匀强电场中的圆周运动,
静电场,带电粒子在电场中的运动,带电微粒（计重力）在电场中的运动,带电物体（计重力）在匀强电场中的一般运动,
静电场,带电粒子在电场中的运动,带电粒子在匀强电场中的偏转,带电粒子在匀强电场中做抛体运动的相关计算,
静电场,带电粒子在电场中的运动,带电粒子在匀强电场中的偏转,带电粒子离开匀强电场时方向的反向延长线经过极板中点,
静电场,带电粒子在电场中的运动,带电粒子在匀强电场中的偏转,带电粒子穿越周期性变化的电场区域的条件（穿越时间远小于周期）,
静电场,带电粒子在电场中的运动,示波管及其应用,,
稳恒电流,电源和电流,电源与恒定电流,,
稳恒电流,电源和电流,电动势,,
稳恒电流,部分电路欧姆定律,欧姆定律,,
稳恒电流,部分电路欧姆定律,滑动变阻器的接法,,
稳恒电流,部分电路欧姆定律,实验：描绘小灯泡的伏安特性曲线,,
稳恒电流,部分电路欧姆定律,电表改装,,
稳恒电流,部分电路欧姆定律,实验：半偏法测量电表内阻,,
稳恒电流,焦耳定律,电功和电功率,,
稳恒电流,焦耳定律,焦耳定律,,
稳恒电流,焦耳定律,非纯电阻电路,,
稳恒电流,导体的电阻,电阻定律,,
稳恒电流,导体的电阻,影响材料电阻率的因素,,
稳恒电流,导体的电阻,实验：测量电阻丝的电阻率,,
稳恒电流,导体的电阻,特殊方法测电阻,,
稳恒电流,闭合电路的欧姆定律,电池组,,
稳恒电流,闭合电路的欧姆定律,闭合电路的欧姆定律,闭合电路欧姆定律的内容和三个公式,
稳恒电流,闭合电路的欧姆定律,闭合电路的欧姆定律,电源的U-I图像,
稳恒电流,闭合电路的欧姆定律,闭合电路的欧姆定律,利用电源的U-I图像求解可变电阻的实际功率,
稳恒电流,闭合电路的欧姆定律,闭合电路的欧姆定律,路端电压随负载的变化规律,
稳恒电流,闭合电路的欧姆定律,闭合电路的欧姆定律,由闭合电路欧姆定律计算电源的电动势和内阻,
稳恒电流,闭合电路的欧姆定律,闭合电路的欧姆定律,通过电源外特性曲线得到电动势和内阻,
稳恒电流,闭合电路的欧姆定律,闭合电路的欧姆定律,计算电源的输出电压、总功率、输出功率、效率,
稳恒电流,闭合电路的欧姆定律,闭合电路的欧姆定律,电源的最大输出功率及其条件,
稳恒电流,闭合电路的欧姆定律,动态电路分析,,
稳恒电流,闭合电路的欧姆定律,故障电路分析,,
稳恒电流,闭合电路的欧姆定律,含容电路分析,,
稳恒电流,闭合电路的欧姆定律,实验：电源电动势和内阻的测量,,
稳恒电流,闭合电路的欧姆定律,实验：练习使用多用电表,,
稳恒电流,闭合电路的欧姆定律,黑箱问题,,
稳恒电流,简单逻辑电路,门电路,,
稳恒电流,简单逻辑电路,常用的逻辑电路,,
磁场,磁现象和磁场,磁场与磁感线,生活中的磁现象、磁性和磁极,
磁场,磁现象和磁场,磁场与磁感线,磁感线的概念与特征,
磁场,磁现象和磁场,磁场与磁感线,地磁场及其磁感线分布,
磁场,磁现象和磁场,磁场与磁感线,分析磁感线与电场线的异同点,
磁场,磁现象和磁场,磁场与磁感线,由小磁针的偏转判断磁场的分布,
磁场,磁现象和磁场,磁感应强度,,
磁场,磁现象和磁场,几种常见的磁场,磁感线与小磁针的偏转,
磁场,磁现象和磁场,几种常见的磁场,条形磁铁和蹄形磁铁,
磁场,磁现象和磁场,几种常见的磁场,匀强磁场,
磁场,磁现象和磁场,磁通量,,
磁场,磁现象和磁场,电流的磁效应,奥斯特实验与安培定则,
磁场,磁现象和磁场,电流的磁效应,直线电流周围的磁场,
磁场,磁现象和磁场,电流的磁效应,环形电流和通电螺线管周围的磁场,
磁场,磁现象和磁场,安培分子电流假说,,
磁场,安培力,安培力的方向,,
磁场,安培力,安培力的大小,,
磁场,安培力,磁电式电流表的原理,,
磁场,安培力,磁力矩,,
磁场,洛伦兹力,洛伦兹的方向,,
磁场,洛伦兹力,洛伦兹力的公式及简单计算,,
磁场,洛伦兹力,推导洛伦兹力与安培力的关系,,
磁场,洛伦兹力,带电粒子在地磁场作用下的偏转方向,,
磁场,洛伦兹力,洛伦兹力在科技和生活中的应用,,
磁场,带电粒子在磁场中的运动,带电粒子在匀强磁场中运动,带电粒子在匀强磁场中的圆周运动：半径与周期公式,
磁场,带电粒子在磁场中的运动,带电粒子在匀强磁场中运动,带电粒子在磁场中做圆周运动的相关计算,
磁场,带电粒子在磁场中的运动,带电粒子（或微粒）在非匀强磁场中的运动,,
磁场,带电粒子在磁场中的运动,带电粒子在有边界磁场中运动,带电粒子在直边界磁场中运动,
磁场,带电粒子在磁场中的运动,带电粒子在有边界磁场中运动,带电粒子在弧形边界磁场中运动,
磁场,带电粒子在磁场中的运动,带电粒子在有边界磁场中运动,根据粒子运动确定磁场区域的范围,
磁场,带电粒子在磁场中的运动,带电粒子在磁场中运动的多解问题,带电粒子电性不确定形成的多解,
磁场,带电粒子在磁场中的运动,带电粒子在磁场中运动的多解问题,磁场方向的不确定形成的多解,
磁场,带电粒子在磁场中的运动,带电粒子在磁场中运动的多解问题,临界状态的不唯一形成多解,
磁场,带电粒子在复合场中的运动,速度选择器,,
磁场,带电粒子在复合场中的运动,质谱仪,,
磁场,带电粒子在复合场中的运动,磁流体发电机,,
磁场,带电粒子在复合场中的运动,电磁流量计,,
磁场,带电粒子在复合场中的运动,霍尔元件,,
磁场,带电粒子在复合场中的运动,回旋加速器,,
磁场,带电粒子在复合场中的运动,带电粒子在电磁组合场中的运动,粒子由磁场进入电场,
磁场,带电粒子在复合场中的运动,带电粒子在电磁组合场中的运动,粒子由电场进入磁场,
磁场,带电粒子在复合场中的运动,带电粒子在电磁组合场中的运动,粒子在电场和磁场中的往复运动,
磁场,带电粒子在复合场中的运动,带电粒子在复合场中的运动,,
电磁感应,电磁感应现象,电磁感应的发现过程,,
电磁感应,电磁感应现象,探究感应电流产生的条件,,
电磁感应,感应电流方向的判断,右手定则,右手定则的表述,
电磁感应,感应电流方向的判断,右手定则,判断导体切割磁感线中的电流方向,
电磁感应,感应电流方向的判断,右手定则,右手定则的灵活应用,
电磁感应,感应电流方向的判断,楞次定律,楞次定律的表述,
电磁感应,感应电流方向的判断,楞次定律,增反减同,
电磁感应,感应电流方向的判断,楞次定律,来拒去留,
电磁感应,感应电流方向的判断,楞次定律,增缩减扩,
电磁感应,感应电流方向的判断,楞次定律,楞次定律重要结论的推广应用,
电磁感应,法拉第电磁感应定律,法拉第电磁感应定律,,
电磁感应,法拉第电磁感应定律,动生电动势,导体棒切割磁感线产生的动生电动势,
电磁感应,法拉第电磁感应定律,动生电动势,含有导体棒切割磁感线的电路,
电磁感应,法拉第电磁感应定律,动生电动势,线圈穿过磁场边界的电路,
电磁感应,法拉第电磁感应定律,动生电动势,用等效导体棒分析电磁流量计,
电磁感应,法拉第电磁感应定律,感生电动势,已知磁感应强度随时间的变化的关系式求电动势,
电磁感应,法拉第电磁感应定律,感生电动势,由B-t图象计算感生电动势的大小,
电磁感应,法拉第电磁感应定律,感生电动势,感生电动势产生的环形电场对小球的加速作用,
电磁感应,法拉第电磁感应定律,感生电动势,感生电动势与动生电动势并存,
电磁感应,电磁感应中的能量转化,线框进出磁场类问题,线框进出磁场产生的等效电路计算,
电磁感应,电磁感应中的能量转化,线框进出磁场类问题,描绘线框两点间电势差的U-t图象,
电磁感应,电磁感应中的能量转化,线框进出磁场类问题,描绘线框进出磁场区域的I-t图象,
电磁感应,电磁感应中的能量转化,线框进出磁场类问题,判断线框进出磁场区域的a-t图象,
电磁感应,电磁感应中的能量转化,线框进出磁场类问题,求线框进出磁场时电阻上生热,
电磁感应,电磁感应中的能量转化,线框进出磁场类问题,求线框进出磁场时通过导体截面的电量,
电磁感应,电磁感应中的能量转化,导体棒在导轨上运动问题,作用的导体棒在导轨上运动的电动势、安培力、电流、路端电压,
电磁感应,电磁感应中的能量转化,导体棒在导轨上运动问题,导体棒进出磁场区域的加速度变化,
电磁感应,电磁感应中的能量转化,导体棒在导轨上运动问题,计算导轨切割磁感线电路中产生的热量,
电磁感应,电磁感应中的能量转化,导体棒在导轨上运动问题,求导体棒运动过程中通过其截面的电量,
电磁感应,电磁感应中的能量转化,导体棒在导轨上运动问题,根据I-t图象判断导体棒的运动情况,
电磁感应,电磁感应中的能量转化,导体棒在导轨上运动问题,导体棒在不受拉力时运动的位移与速度的关系,
电磁感应,电磁感应中的能量转化,导体棒在导轨上运动问题,双棒切割磁感线时，符合动量守恒的情况,
电磁感应,电磁感应中的能量转化,导体棒在导轨上运动问题,双杆在不等宽导轨上运动问题,
电磁感应,电磁感应中的能量转化,电磁感应与电路的综合问题,,
电磁感应,自感和涡流,自感与互感,,
电磁感应,自感和涡流,涡流,,
电磁感应,自感和涡流,电磁阻尼 电磁驱动,,
交变电流,交变电流,交变电流,,
交变电流,交变电流,交变电流的产生,,
交变电流,描述交变电流的物理量,交流电的图像,,
交变电流,描述交变电流的物理量,交流电的频率和峰值,,
交变电流,描述交变电流的物理量,交变电流的瞬时值,正弦式交变电流瞬时值的表达式及其推导,
交变电流,描述交变电流的物理量,交变电流的瞬时值,正弦交流电的I-t图像,
交变电流,描述交变电流的物理量,交变电流的瞬时值,各物理量改变对正弦交流电的影响,
交变电流,描述交变电流的物理量,交变电流的瞬时值,交变电流的相位和相位差,
交变电流,描述交变电流的物理量,交变电流的瞬时值,从不同位置开始计时交变电流的表达式,
交变电流,描述交变电流的物理量,交变电流的瞬时值,根据线圈位置计算交变电流的瞬时值,
交变电流,描述交变电流的物理量,交变电流的瞬时值,计算小灯泡的发光时间和次数,
交变电流,描述交变电流的物理量,交变电流的有效值,有效值的定义、一般交流电的有效值,
交变电流,描述交变电流的物理量,交变电流的有效值,正弦式交流电的电动势和电流有效值,
交变电流,描述交变电流的物理量,交变电流的有效值,有效值读取交流电表示数的含义,
交变电流,描述交变电流的物理量,交变电流的有效值,根据有效值计算交流电路中的电功、电功率和焦耳热,
交变电流,描述交变电流的物理量,交变电流的有效值,用电器铭牌上的额定电压与额定功率,
交变电流,描述交变电流的物理量,交变电流的有效值,交变电流在家庭电路及家用电器中的应用,
交变电流,描述交变电流的物理量,交变电流的有效值,根据图象判定交流电的峰值和有效值,
交变电流,描述交变电流的物理量,交变电流的平均值,,
交变电流,电感和电容对交变电流的影响,电感器对交变电流的影响,电感器在直流电路和交流电路的作用,
交变电流,电感和电容对交变电流的影响,电感器对交变电流的影响,电感器的感抗,
交变电流,电感和电容对交变电流的影响,电感器对交变电流的影响,低频扼流圈与高频扼流圈,
交变电流,电感和电容对交变电流的影响,电感器对交变电流的影响,电感器在电子技术中的应用,
交变电流,电感和电容对交变电流的影响,电容器对交变电流的影响,电容器对交流电的导通和阻碍作用,
交变电流,电感和电容对交变电流的影响,电容器对交变电流的影响,电容器的容抗,
交变电流,电感和电容对交变电流的影响,电容器对交变电流的影响,电容器在电子技术中的应用,
交变电流,电感和电容对交变电流的影响,电容器对交变电流的影响,频率改变对交流电路中小灯泡亮度的影响,
交变电流,电感和电容对交变电流的影响,电容器对交变电流的影响,含有电感器和电容器的滤波电路,
交变电流,变压器,变压器的原理,变压器原理与结构,
交变电流,变压器,变压器的原理,理想变压器两端电压与匝数的关系,
交变电流,变压器,变压器的原理,理想变压器两端功率的计算,
交变电流,变压器,变压器的原理,理想变压器原副线圈的电流关系及其推导,
交变电流,变压器,变压器的原理,变压器两端电路的动态分析,
交变电流,变压器,变压器的原理,结合图象计算变压器两端的电表示数,
交变电流,变压器,变压器的原理,变压器原副线圈频率和相位的关系,
交变电流,变压器,变压器的应用,自耦变压器,
交变电流,变压器,变压器的应用,电压互感器,
交变电流,变压器,变压器的应用,电流互感器,
交变电流,变压器,远距离输电,升压变压器和降压变压器,
交变电流,变压器,远距离输电,影响输电损耗的因素,
交变电流,变压器,远距离输电,高压输电的原理与优点,
交变电流,变压器,远距离输电,远距离输电在导线上损失功率的计算,
交变电流,变压器,远距离输电,降压变压器原线圈电压的计算,
交变电流,变压器,远距离输电,用户端功率改变判断输电线路中物理量变化,
交变电流,变压器,远距离输电,计算用户端用电器的数量,
传感器,传感器及其元件,,,
传感器,传感器的应用,,,
传感器,传感器的应用实验,,,
分子动理论,物质是由大量分子组成的,,,
分子动理论,阿伏加德罗常数,,,
分子动理论,分子的大小,,,
分子动理论,实验：油膜法估测分子的直径,,,
分子动理论,扩散现象,,,
分子动理论,布朗运动,,,
分子动理论,分子热运动,,,
分子动理论,分子间的相互作用力,分子间存在间隙,,
分子动理论,分子间的相互作用力,分子存在相互作用力的实例,,
分子动理论,分子间的相互作用力,分子间的引力、斥力合力与距离的关系图像,,
分子动理论,分子势能,分子势能随间距的变化E-r图,,
分子动理论,分子势能,分子势能为负值及其解释,,
分子动理论,分子势能,类比弹簧模型分析两分子势能的变化,,
分子动理论,分子势能,对比两个电荷间电势能和动能的变化,,
分子动理论,温度和温标,,,
分子动理论,物体的内能,理解内能的概念,,
分子动理论,物体的内能,内能与机械能的区别,,
分子动理论,物体的内能,改变内能的两种方式,,
理想气体,气体的状态参量,,,
理想气体,气体的等温变化,理解玻意耳定律,,
理想气体,气体的等温变化,气体等温变化的图象,,
理想气体,气体的等温变化,应用波意耳定律解决实际问题,,
理想气体,气体的等容变化,理解查理定理,,
理想气体,气体的等容变化,气体等容变化的图象,,
理想气体,气体的等容变化,应用查理定律解决实际问题,,
理想气体,气体的等压变化,理解盖吕萨克定理,,
理想气体,气体的等压变化,气体等压变化的图象,,
理想气体,气体的等压变化,应用盖吕萨克定律解决实际问题,,
理想气体,理想气体状态方程,理想气体的状态方程及各物理量的含义,,
理想气体,理想气体状态方程,应用理想气体状态方程处理实际问题,,
理想气体,气体分子热运动的特点,,,
理想气体,气体温度的微观意义、气体分子速率分布图像,,,
理想气体,气体压强的微观意义,,,
物态和物态变化,固体,,,
物态和物态变化,液体,,,
物态和物态变化,饱和汽和饱和汽压,,,
物态和物态变化,物态变化,,,
热力学定律,热力学第一定律,理解热力学第一定律的表述和表达式,,
热力学定律,热力学第一定律,判断系统吸放热、做功情况和内能变化情况,,
热力学定律,热力学第一定律,计算系统内能改变、吸放热及做功,,
热力学定律,能量守恒定律,能量守恒定律的内容,,
热力学定律,能量守恒定律,第一类永动机对于热力学第一定律的违反,,
热力学定律,能量守恒定律,能量守恒定律在科技中的应用,,
热力学定律,热力学第二定律,热力学第二定律两种表述,,
热力学定律,热力学第二定律,第二类永动机违背了热力学第二定律,,
热力学定律,热力学第二定律,热力学第二定律的微观意义,,
热力学定律,热力学第二定律,熵和熵增加原理,,
热力学定律,热力学第三定律,,,
热力学定律,能源与可持续发展,能源与环境,,
热力学定律,能源与可持续发展,新能源开发,,
热机、制冷机,热机原理与热机效率,,,
热机、制冷机,内燃机原理,,,
热机、制冷机,汽轮机与发电机,,,
热机、制冷机,制冷机原理,,,
热机、制冷机,电冰箱与空调,,,
几何光学,光的直线传播与反射,光沿直线传播,,
几何光学,光的直线传播与反射,光的反射,,
几何光学,光的折射,光的折射定律,光的折射现象、光路的可逆性,
几何光学,光的折射,光的折射定律,光的折射定律、折射率,
几何光学,光的折射,光的折射定律,根据反射与折射定律画出光路图,
几何光学,光的折射,光的折射定律,折射率的波长表达式和速度表达式,
几何光学,光的折射,实验：测定玻璃砖折射率,,
几何光学,全反射,全反射现象,全反射现象的光路图,
几何光学,全反射,全反射现象,全反射光束的能量分析,
几何光学,全反射,全反射的条件,光疏介质和光密介质,
几何光学,全反射,全反射的条件,发生全反射的条件、临界角,
几何光学,全反射,全反射的条件,根据全反射条件判断光能否发生全发射,
几何光学,全反射,全反射的条件,折射和全反射的综合问题,
几何光学,全反射,全反射的条件,根据条件画出全反射的光路图,
几何光学,全反射,全反射的应用,全反射棱镜,
几何光学,全反射,全反射的应用,光导纤维,
物理光学,光的干涉,双缝干涉,,
物理光学,光的干涉,实验：用双缝干涉测光的波长,,
物理光学,光的干涉,薄膜干涉,,
物理光学,光的衍射,衍射图样,,
物理光学,光的衍射,衍射条件,,
物理光学,光的颜色与色散,光的颜色,,
物理光学,光的颜色与色散,三棱镜色散,,
物理光学,光的偏振,偏振现象及其解释,,
物理光学,光的偏振,偏振的应用,,
物理光学,激光,激光的原理和产生条件,,
物理光学,激光,激光的特点及其应用,,
物理光学,电磁波,电磁波的发现与应用,,
物理光学,电磁波,电磁波谱,,
波粒二象性,能量的量子化,黑体与黑体辐射,,
波粒二象性,能量的量子化,能量子,,
波粒二象性,光电效应,光电效应的规律,光电效应现象及其解释,
波粒二象性,光电效应,光电效应的规律,光电效应的极限频率,
波粒二象性,光电效应,光电效应的规律,影响光电流大小的因素,
波粒二象性,光电效应,光电效应的规律,光电子的最大初速度,
波粒二象性,光电效应,光电效应的规律,光电效应的瞬时性,
波粒二象性,光电效应,光子说,爱因斯坦光子说的内容及其对光电效应的解释,
波粒二象性,光电效应,光子说,光子能量的公式,
波粒二象性,光电效应,光子说,爱因斯坦光电效应方程,
波粒二象性,光电效应,光子说,光电效应方程的函数图象,
波粒二象性,光电效应,用光电管研究光电效应,,
波粒二象性,康普顿效应,康普顿效应的现象及其解释,,
波粒二象性,康普顿效应,光子的动量及其公式,,
波粒二象性,物质的波粒二象性,光的波粒二象性,,
波粒二象性,物质的波粒二象性,德布罗意波,,
波粒二象性,物质的波粒二象性,概率波,,
波粒二象性,物质的波粒二象性,不确定性关系,,
原子结构,电子的发现,,,
原子结构,核式结构模型,α粒子散射实验,,
原子结构,核式结构模型,原子的核式结构,,
原子结构,玻尔的原子模型,光谱分析,,
原子结构,玻尔的原子模型,氢原子光谱,,
原子结构,玻尔的原子模型,玻尔原子理论及其局限性,玻尔原子理论的基本假设,
原子结构,玻尔的原子模型,玻尔原子理论及其局限性,基态、激发态、跃迁、电离,
原子结构,玻尔的原子模型,玻尔原子理论及其局限性,氢原子能级图,
原子结构,玻尔的原子模型,玻尔原子理论及其局限性,计算电子跃迁中释放的光子频率种数,
原子结构,玻尔的原子模型,玻尔原子理论及其局限性,计算电子跃迁时吸收或释放光子的频率和波长,
原子结构,玻尔的原子模型,玻尔原子理论及其局限性,波尔理论的局限性,
原子核,原子核的组成,天然放射现象,,
原子核,原子核的组成,原子核的组成,,
原子核,放射性元素衰变,原子核的衰变,,
原子核,放射性元素衰变,半衰期,,
原子核,放射性元素衰变,原子核的人工转变,,
原子核,放射性元素衰变,探测射线的方法,,
原子核,放射性元素衰变,放射性的应用与防护,,
原子核,核力与结合能,核力的性质,,
原子核,核力与结合能,原子核中质子和中子的比例,,
原子核,核力与结合能,结合能,,
原子核,核能,质能方程,,
原子核,核能,核裂变,,
原子核,核能,核聚变,,
原子核,粒子和宇宙,,,
相对论简介,狭义相对论,,,
相对论简介,时间和空间的相对性,,,
相对论简介,广义相对论,,,
物理学史,,,,
物理方法,整体隔离法,,,
物理方法,控制变量法,,,
物理方法,假设法,,,
物理方法,等效法,,,
物理方法,图像法,,,
物理方法,极限法,,,
物理方法,估算法,,,
物理方法,微元法,,,
单位制及量纲,,,,
当代社会热点问题,,,,
物理实验,力学实验,,,
物理实验,电学实验,,,
物理实验,热学实验,,,
物理实验,光学实验,,,